Title Number,Title Name,Date Published
Title 1,"Republicans Denounce Inflation, but Few Economists Expect Their Plans to Help","Wed, 26 Oct 2022 12:43:37 +0000"
Title 2,"Fetterman, Showing Stroke Effects, Battles Oz in Hostile Senate Debate","Wed, 26 Oct 2022 11:57:21 +0000"
Title 1,"War in Ukraine Likely to Speed, Not Slow, Shift to Clean Energy, I.E.A. Says","Thu, 27 Oct 2022 04:01:07 +0000"
Title 2,Tech’s Biggest Companies Are Sending Worrying Signals About the Economy,"Thu, 27 Oct 2022 01:36:49 +0000"
Title 1,"War in Ukraine Likely to Speed, Not Slow, Shift to Clean Energy, I.E.A. Says","Thu, 27 Oct 2022 04:01:07 +0000"
Title 2,Putin Wants to Divide Ukrainians. Mykolaiv Is a Test Case.,"Thu, 27 Oct 2022 09:22:13 +0000"
Title 1,"War in Ukraine Likely to Speed, Not Slow, Shift to Clean Energy, I.E.A. Says","Thu, 27 Oct 2022 11:11:20 +0000"
Title 2,Europe’s Energy Crisis Is Sending Leaders to Africa for Help,"Thu, 27 Oct 2022 09:00:26 +0000"
Title 1,"US Economy Grew at 2.6% Annual Rate in Q3, GDP Report Shows","Thu, 27 Oct 2022 14:28:29 +0000"
Title 2,A Rising Dollar Is Hurting Other Currencies. Central Banks are Stepping In.,"Thu, 27 Oct 2022 11:20:44 +0000"
Title 1,Why Russia Stole Potemkin’s Bones From Ukraine,"Thu, 27 Oct 2022 19:36:15 +0000"
Title 2,Pentagon’s Strategy Says China and Russia Pose More Dangerous Challenges,"Thu, 27 Oct 2022 17:08:20 +0000"
Title 1,"The 2022 Race for the House, in Four Districts, and Four Polls","Thu, 27 Oct 2022 23:59:42 +0000"
Title 2,"As Governor’s Race Tightens, a Frantic Call to Action Among Democrats","Thu, 27 Oct 2022 21:57:20 +0000"
Title 1,Elon Musk Completes $44 Billion Deal to Own Twitter,"Fri, 28 Oct 2022 03:17:38 +0000"
Title 2,How Elon Musk Became a Geopolitical Chaos Agent,"Fri, 28 Oct 2022 04:33:22 +0000"
Title 1,"Elon Musk Completes $44 Billion Deal to Own Twitter, Fires CEO and CFO","Fri, 28 Oct 2022 03:17:38 +0000"
Title 2,How Elon Musk Became a Geopolitical Chaos Agent,"Fri, 28 Oct 2022 04:33:22 +0000"
Title 1,"Elon Musk Completes $44 Billion Deal to Own Twitter, Fires CEO and CFO","Fri, 28 Oct 2022 09:54:31 +0000"
Title 2,"Elon Musk Takes Twitter, and Tech Deals, to Another Level","Fri, 28 Oct 2022 09:04:23 +0000"
Title 1,"Elon Musk Takes Twitter, and Tech Deals, to Another Level","Fri, 28 Oct 2022 09:04:23 +0000"
Title 2,Elon Owns Twitter + Apple’s Developer Tax + Meta’s Dismal Earning Report,"Fri, 28 Oct 2022 12:17:34 +0000"
Title 1,"Some Far-Right Accounts on Twitter Saw Surge in Followers, Researchers Say","Fri, 28 Oct 2022 19:43:10 +0000"
Title 2,Elon Musk Buying Twitter Is a Moment of Celebration for Many,"Fri, 28 Oct 2022 17:37:22 +0000"
Title 1,Elon Musk Starts Putting His Imprint on Twitter,"Fri, 28 Oct 2022 23:38:04 +0000"
Title 2,Will Elon Musk Be Able to Keep Twitter’s Advertisers Happy?,"Fri, 28 Oct 2022 23:33:02 +0000"
Title 1,Pelosi’s Husband Is Gravely Injured in Hammer Attack by an Intruder,"Sat, 29 Oct 2022 02:19:27 +0000"
Title 2,Politicized Rantings on Two Blogs by a ‘daviddepape’ Draw Scrutiny,"Sat, 29 Oct 2022 02:05:38 +0000"
Title 1,Pelosi’s Husband Is Gravely Injured in Hammer Attack by an Intruder,"Sat, 29 Oct 2022 02:19:27 +0000"
Title 2,Politicized Rantings on Two Blogs by a ‘daviddepape’ Draw Scrutiny,"Sat, 29 Oct 2022 02:05:38 +0000"
Title 1,Biden’s Agenda Hangs in the Balance if Republicans Take Congress,"Sat, 29 Oct 2022 09:00:24 +0000"
Title 2,"Twitter, Once a Threat to Titans, Now Belongs to One","Sat, 29 Oct 2022 09:00:14 +0000"
Title 1,"With Western Weapons, Ukraine Is Turning the Tables in an Artillery War","Sat, 29 Oct 2022 15:22:01 +0000"
Title 2,"In Russia, Memorial Forced to Downsize Tribute to Stalin Victims","Sat, 29 Oct 2022 15:30:13 +0000"
Title 1,"With Western Weapons, Ukraine Is Turning the Tables in an Artillery War","Sat, 29 Oct 2022 18:28:10 +0000"
Title 2,"In Russia, Memorial Forced to Downsize Tribute to Stalin Victims","Sat, 29 Oct 2022 16:25:51 +0000"
Title 1,Survivor of Seoul Halloween Crowd Surge Describes Chaotic Scene,"Sat, 29 Oct 2022 23:06:07 +0000"
Title 2,Russia Withdraws From Grain Deal After Drone Attack on Black Sea Fleet,"Sat, 29 Oct 2022 22:11:12 +0000"
Title 1,Survivor of Seoul Halloween Crowd Surge Describes Chaotic Scene,"Sat, 29 Oct 2022 23:06:07 +0000"
Title 2,Russia Withdraws From Grain Deal After Drone Attack on Black Sea Fleet,"Sat, 29 Oct 2022 22:11:12 +0000"
Title 1,Witnesses Recall a Terrifying Evening in Seoul as the Crowd Surged,"Sun, 30 Oct 2022 07:53:43 +0000"
Title 2,"With Western Weapons, Ukraine Is Turning the Tables in an Artillery War","Sat, 29 Oct 2022 18:28:10 +0000"
Title 1,The Family of a Victim of the Seoul Crowd Surge Tried Her Phone for Hours,"Sun, 30 Oct 2022 10:00:05 +0000"
Title 2,"In Clash Over Affirmative Action, Both Sides Invoke Brown v. Board of Education","Sun, 30 Oct 2022 09:00:17 +0000"
Title 1,A Mother Mourns a Daughter Lost in the Seoul Crowd Surge,"Sun, 30 Oct 2022 15:15:05 +0000"
Title 2,"In Clash Over Affirmative Action, Both Sides Invoke Brown v. Board of Education","Sun, 30 Oct 2022 09:00:17 +0000"
Title 1,How a Festive Night in Seoul Turned Deadly,"Sun, 30 Oct 2022 18:30:11 +0000"
Title 2,"In a country known for crowd control, the scant security for Halloween partygoers raises questions.","Sun, 30 Oct 2022 16:00:05 +0000"
Title 1,Bolsonaro lost. Will he accept the results?,"Mon, 31 Oct 2022 00:10:13 +0000"
Title 2,How a Festive Night in Seoul Turned Deadly,"Sun, 30 Oct 2022 21:47:55 +0000"
Title 1,Bolsonaro lost. Will he accept the results?,"Mon, 31 Oct 2022 02:26:22 +0000"
Title 2,How a Festive Night in Seoul Turned Deadly,"Sun, 30 Oct 2022 21:47:55 +0000"
Title 1,Brazil Ejects Bolsonaro and Brings Back Former Leftist Leader Lula,"Mon, 31 Oct 2022 03:30:22 +0000"
Title 2,"Lula’s victory likely means big changes for Brazil, though his specific plans are vague.","Mon, 31 Oct 2022 01:41:01 +0000"
Title 1,"Senate Control Hinges on Neck-and-Neck Races, Times/Siena Poll Finds","Mon, 31 Oct 2022 07:00:14 +0000"
Title 2,The Battle for Blue-Collar White Voters Raging in Biden’s Birthplace,"Sun, 30 Oct 2022 22:42:22 +0000"
Title 1,"Senate Control Hinges on Neck-and-Neck Races, Times/Siena Poll Finds","Mon, 31 Oct 2022 07:00:14 +0000"
Title 2,Midterm Disinformation Has Taken Over Pennsylvania,"Mon, 31 Oct 2022 15:54:46 +0000"
Title 1,Suspect in Pelosi Attack Charged With Assault and Attempted Kidnapping,"Mon, 31 Oct 2022 20:01:15 +0000"
Title 2,"Senate Control Hinges on Neck-and-Neck Races, Times/Siena Poll Finds","Mon, 31 Oct 2022 07:00:14 +0000"
Title 1,"Intruder Wanted to Break Speaker Pelosi’s Kneecaps, Federal Complaint Says","Tue, 01 Nov 2022 01:09:07 +0000"
Title 2,Republicans Continue to Spread Baseless Claims About Pelosi Attack,"Tue, 01 Nov 2022 00:34:26 +0000"
Title 1,"Intruder Wanted to Break Speaker Pelosi’s Kneecaps, Federal Complaint Says","Tue, 01 Nov 2022 02:44:39 +0000"
Title 2,Republicans Continue to Spread Baseless Claims About Pelosi Attack,"Tue, 01 Nov 2022 02:06:59 +0000"
Title 1,"Intruder Wanted to Break Speaker Pelosi’s Kneecaps, Federal Complaint Says","Tue, 01 Nov 2022 02:44:39 +0000"
Title 2,Republicans Continue to Spread Baseless Claims About Pelosi Attack,"Tue, 01 Nov 2022 02:06:59 +0000"
Title 1,The Pandemic Generation Goes to College. It Has Not Been Easy.,"Tue, 01 Nov 2022 09:00:28 +0000"
Title 2,Europe Braces for a Winter Without Russian Gas,"Tue, 01 Nov 2022 10:32:06 +0000"
Title 1,Roberts Extends Freeze on House’s Attempt to Obtain Trump’s Tax Returns,"Tue, 01 Nov 2022 15:23:55 +0000"
Title 2,Truth Social’s Influence Grows Despite Its Business Problems,"Tue, 01 Nov 2022 13:54:00 +0000"
Title 1,Bolsonaro Administration Agrees to Accept Loss Two Days After Election,"Tue, 01 Nov 2022 20:12:04 +0000"
Title 2,Top Democrats Question Their Party’s Strategy as Midterm Worries Grow,"Tue, 01 Nov 2022 19:26:57 +0000"
Title 1,Top Democrats Question Their Party’s Strategy as Midterm Worries Grow,"Tue, 01 Nov 2022 19:26:57 +0000"
Title 2,"In Nevada’s Senate Race, Adam Laxalt Sheds His Political Inheritance","Tue, 01 Nov 2022 21:47:16 +0000"
Title 1,Top Democrats Question Their Party’s Strategy as Midterm Worries Grow,"Tue, 01 Nov 2022 19:26:57 +0000"
Title 2,Judge Curbs Actions of Election-Monitoring Group in Arizona,"Wed, 02 Nov 2022 03:41:11 +0000"
Title 1,Top Democrats Question Their Party’s Strategy as Midterm Worries Grow,"Tue, 01 Nov 2022 19:26:57 +0000"
Title 2,Judge Curbs Actions of Election-Monitoring Group in Arizona,"Wed, 02 Nov 2022 03:41:11 +0000"
Title 1,"As Stakes Rise, State Supreme Courts Become Crucial Election Battlegrounds","Wed, 02 Nov 2022 09:00:28 +0000"
Title 2,Can Lee Zeldin Reinvent His Way to the NY Governor’s Mansion?,"Wed, 02 Nov 2022 12:01:19 +0000"
Title 1,"Power Outages Leave Kyiv, Ukraine, Draped in Darkness","Wed, 02 Nov 2022 12:40:59 +0000"
Title 2,"Russian Military Leaders Discussed Use of Nuclear Weapons, US Officials Say","Wed, 02 Nov 2022 09:00:26 +0000"
Title 1,Stocks Drop As Fed Leaves Investors Uncertain About Rates,"Wed, 02 Nov 2022 20:11:04 +0000"
Title 2,Republicans Float Changes to Social Security and Medicare,"Wed, 02 Nov 2022 15:46:46 +0000"
Title 1,Lawyers Who Advanced Trump’s Election Challenges Return for Midterms,"Wed, 02 Nov 2022 22:11:48 +0000"
Title 2,"In Texas, a Battle for Hispanic Voters Moves to the Cities","Wed, 02 Nov 2022 18:50:03 +0000"
Title 1,Full Transcript of President Biden’s Speech on Democracy,"Thu, 03 Nov 2022 02:03:54 +0000"
Title 2,Lawyers Who Advanced Trump’s Election Challenges Return for Midterms,"Thu, 03 Nov 2022 02:03:14 +0000"
Title 1,"In Speech, Biden Warns That America’s Democracy Is in Peril","Thu, 03 Nov 2022 06:25:23 +0000"
Title 2,Full Transcript of President Biden’s Speech on Democracy,"Thu, 03 Nov 2022 02:03:54 +0000"
Title 1,Netanyahu Set to Win Israel’s Election and Return to Power Within Weeks,"Thu, 03 Nov 2022 12:23:27 +0000"
Title 2,"In Speech, Biden Warns That America’s Democracy Is in Peril","Thu, 03 Nov 2022 06:25:23 +0000"
Title 1,Netanyahu Set to Win Israel’s Election and Return to Power Within Weeks,"Thu, 03 Nov 2022 14:44:35 +0000"
Title 2,"In Speech, Biden Warns That America’s Democracy Is in Peril","Thu, 03 Nov 2022 06:25:23 +0000"
Title 1,"Stoked by Republicans, Fears of Crime Loom Large for Midterm Voters","Thu, 03 Nov 2022 18:45:54 +0000"
Title 2,An Ethics Watchdog Criticized Stacey Abrams. His Boss Retracted It.,"Thu, 03 Nov 2022 16:21:13 +0000"
Title 1,Voters Have Expanded Medicaid in 6 States. Is South Dakota Next?,"Thu, 03 Nov 2022 22:19:40 +0000"
Title 2,"Fear of Crime Looms Large for Voters, to Republicans’ Advantage","Fri, 04 Nov 2022 00:59:06 +0000"
Title 1,Voters Have Expanded Medicaid in 6 States. Is South Dakota Next?,"Thu, 03 Nov 2022 22:19:40 +0000"
Title 2,Dr. Oz Makes Final Bid to Connect With Pennsylvania Voters,"Thu, 03 Nov 2022 21:09:14 +0000"
Title 1,Voters Have Expanded Medicaid in 6 States. Is South Dakota Next?,"Thu, 03 Nov 2022 22:19:40 +0000"
Title 2,Dr. Oz Makes Final Bid to Connect With Pennsylvania Voters,"Thu, 03 Nov 2022 21:09:14 +0000"
Title 1,Workers Expect Fast Inflation Next Year. Could That Make It a Reality?,"Fri, 04 Nov 2022 09:00:41 +0000"
Title 2,"Between Kanye and the Midterms, the Unsettling Stream of Antisemitism","Fri, 04 Nov 2022 09:00:07 +0000"
Title 1,Why investors mostly liked what they saw in the jobs data.,"Fri, 04 Nov 2022 15:44:29 +0000"
Title 2,"Between Kanye and the Midterms, the Unsettling Stream of Antisemitism","Fri, 04 Nov 2022 15:54:17 +0000"
Title 1,Confusion and Frustration Reign as Elon Musk Cuts Half of Twitter’s Staff,"Fri, 04 Nov 2022 19:56:43 +0000"
Title 2,Twitter’s Advertisers Pull Back as Layoffs Sweep Through Company,"Fri, 04 Nov 2022 19:38:17 +0000"
Title 1,Confusion and Frustration Reign as Elon Musk Cuts Half of Twitter’s Staff,"Fri, 04 Nov 2022 23:35:40 +0000"
Title 2,Twitter’s Advertisers Pull Back as Layoffs Sweep Through Company,"Fri, 04 Nov 2022 21:56:21 +0000"
Title 1,Most Candidates Running on Crime Don’t Have Much Power to Solve It,"Fri, 04 Nov 2022 21:43:22 +0000"
Title 2,"In New York, Subway Crime Is an Issue Even as Risk Is Low","Fri, 04 Nov 2022 22:05:54 +0000"
Title 1,Most Candidates Running on Crime Don’t Have Much Power to Solve It,"Fri, 04 Nov 2022 21:43:22 +0000"
Title 2,"In New York, Subway Crime Is an Issue Even as Risk Is Low","Fri, 04 Nov 2022 22:05:54 +0000"
Title 1,Family Ties. Political Divisions.,"Sat, 05 Nov 2022 09:00:31 +0000"
Title 2,‘Cold and Tense’: 10 Americans on How Politics Changes Relationships,"Sat, 05 Nov 2022 09:00:13 +0000"
Title 1,"Ahead of the Midterms, Family Ties Are Strained by Political Divisions","Sat, 05 Nov 2022 09:00:31 +0000"
Title 2,‘Cold and Tense’: 10 Americans on How Politics Changes Relationships,"Sat, 05 Nov 2022 09:00:13 +0000"
Title 1,"YouTube May Have Misinformation Blind Spots, Researchers Say","Sat, 05 Nov 2022 09:00:29 +0000"
Title 2,"Trump, Biden and Obama Will Campaign in Pennsylvania in Midterm Finale","Sat, 05 Nov 2022 19:58:26 +0000"
Title 1,Debunking Voting Misinformation About the Midterm Elections,"Wed, 02 Nov 2022 20:38:49 +0000"
Title 2,Biden and Obama Reunite in a Last-Ditch Effort to Save Their Party,"Sun, 06 Nov 2022 01:02:27 +0000"
Title 1,Biden and Obama Reunite in a Last-Ditch Effort to Save Their Party,"Sun, 06 Nov 2022 01:02:27 +0000"
Title 2,What Can US Democracy Learn From Brazil?,"Sat, 05 Nov 2022 09:00:36 +0000"
Title 1,Biden and Obama Reunite in a Last-Ditch Effort to Save Their Party,"Sun, 06 Nov 2022 01:02:27 +0000"
Title 2,What Can US Democracy Learn From Brazil?,"Sat, 05 Nov 2022 09:00:36 +0000"
Title 1,Russia Reactivates Its Trolls and Bots Ahead of Tuesday’s Midterms,"Sun, 06 Nov 2022 10:00:20 +0000"
Title 2,Could India Help Broker Peace in Ukraine?,"Sun, 06 Nov 2022 10:00:21 +0000"
Title 1,Russia Reactivates Its Trolls and Bots Ahead of Tuesday’s Midterms,"Sun, 06 Nov 2022 15:38:48 +0000"
Title 2,Could India Help Broker Peace in Ukraine?,"Sun, 06 Nov 2022 10:00:21 +0000"
Title 1,"Confidence, Anxiety and a Scramble for Votes Two Days Before the Midterms","Sun, 06 Nov 2022 18:57:06 +0000"
Title 2,"In Final Push for Votes, Both Parties Court Black Men","Sun, 06 Nov 2022 15:55:23 +0000"
Title 1,"Confidence, Anxiety and a Scramble for Votes Two Days Before the Midterms","Sun, 06 Nov 2022 22:46:54 +0000"
Title 2,"Trump-DeSantis Rift Grows, With Dueling Rallies in Florida","Mon, 07 Nov 2022 00:44:08 +0000"
Title 1,Biden Faces One More Inflection Point After a Life of Struggle,"Mon, 07 Nov 2022 03:46:56 +0000"
Title 2,"Confidence, Anxiety and a Scramble for Votes Two Days Before the Midterms","Mon, 07 Nov 2022 02:01:51 +0000"
Title 1,Biden Faces One More Inflection Point After a Life of Struggle,"Mon, 07 Nov 2022 03:46:56 +0000"
Title 2,"Confidence, Anxiety and a Scramble for Votes Two Days Before the Midterms","Mon, 07 Nov 2022 02:01:51 +0000"
Title 1,Who Will Win the Battle for Congress? Four Scenarios.,"Mon, 07 Nov 2022 10:00:09 +0000"
Title 2,Fears and Suspicion Hang Over Voting on Cusp of Election Day,"Mon, 07 Nov 2022 10:00:26 +0000"
Title 1,Who Will Win the Battle for Congress? Four Scenarios.,"Mon, 07 Nov 2022 14:38:59 +0000"
Title 2,The World’s Most-Visited Glaciers Could Soon Be Gone,"Mon, 07 Nov 2022 14:01:57 +0000"
Title 1,"2022 Election Ballot Initiatives Include Voting, Gun Control and Abortion","Mon, 07 Nov 2022 18:28:40 +0000"
Title 2,Who Will Win the Battle for Congress? Four Scenarios.,"Mon, 07 Nov 2022 14:39:00 +0000"
Title 1,LA Voters Are in a Foul Mood. Will a New Mayor Change Anything?,"Mon, 07 Nov 2022 20:25:45 +0000"
Title 2,"At COP27, World Leaders Urge Faster Action on Climate Change","Mon, 07 Nov 2022 22:38:24 +0000"
Title 1,"Trump, Weighing Third Bid for President, Sets ‘Big Announcement’ for Next Week","Tue, 08 Nov 2022 03:42:10 +0000"
Title 2,"At COP27, World Leaders Urge Faster Action on Climate Change","Mon, 07 Nov 2022 22:38:24 +0000"
Title 1,"Trump, Weighing Third Bid for President, Sets ‘Big Announcement’ for Next Week","Tue, 08 Nov 2022 03:42:10 +0000"
Title 2,Switzerland Is Paying Poorer Nations to Cut Emissions on Its Behalf,"Mon, 07 Nov 2022 21:35:11 +0000"
Title 1,The World’s Democracies Ask: Why Can’t America Fix Itself?,"Tue, 08 Nov 2022 12:10:06 +0000"
Title 2,"As Ukraine Bears Down, Life Worsens in Occupied Areas","Tue, 08 Nov 2022 09:49:06 +0000"
Title 1,The World’s Democracies Ask: Why Can’t America Fix Itself?,"Tue, 08 Nov 2022 14:10:00 +0000"
Title 2,"As Ukraine Bears Down, Life Worsens in Occupied Areas","Tue, 08 Nov 2022 09:49:07 +0000"
Title 1,The World’s Democracies Ask: Why Can’t America Fix Itself?,"Tue, 08 Nov 2022 19:46:20 +0000"
Title 2,"Candy on the Table, an Eye on the Exit: Poll Workers Run a Tense Election Day","Tue, 08 Nov 2022 18:12:34 +0000"
Title 1,Aerial War Over Ukraine Heats Up as Russia Pounds Cities,"Tue, 08 Nov 2022 22:41:39 +0000"
Title 2,Ukraine’s New Air Defense System Comes With a Deep Supply of Ammunition,"Tue, 08 Nov 2022 23:07:52 +0000"
Title 1,Aerial War Over Ukraine Heats Up as Russia Pounds Cities,"Tue, 08 Nov 2022 22:41:40 +0000"
Title 2,Ukraine’s New Air Defense System Comes With a Deep Supply of Ammunition,"Tue, 08 Nov 2022 23:07:52 +0000"
Title 1,Deception and Trickery Are the Other Weapons in the Ukraine War,"Wed, 09 Nov 2022 05:01:10 +0000"
Title 2,Ukraine’s New Air Defense System Comes With a Deep Supply of Ammunition,"Tue, 08 Nov 2022 23:07:52 +0000"
Title 1,Five Takeaways From the Midterm Elections So Far,"Wed, 09 Nov 2022 12:06:43 +0000"
Title 2,How a G.O.P. Wave Became a Ripple,"Wed, 09 Nov 2022 11:45:53 +0000"
Title 1,Five Takeaways From the Midterm Elections So Far,"Wed, 09 Nov 2022 12:06:43 +0000"
Title 2,"Which Election Races Are Still Being Called, and When Will We Have Results?","Wed, 09 Nov 2022 14:56:08 +0000"
Title 1,"Which Election Races Are Still Being Called, and When Will We Have Results?","Wed, 09 Nov 2022 18:06:24 +0000"
Title 2,Why Control of Kherson Is Important to Russia and Ukraine,"Wed, 09 Nov 2022 18:13:32 +0000"
Title 1,"If Democrats Lose the House, They May Have New York to Blame","Thu, 10 Nov 2022 01:18:43 +0000"
Title 2,What Many Pennsylvanians Saw in Fetterman,"Wed, 09 Nov 2022 23:51:21 +0000"
Title 1,"If Democrats Lose the House, They May Have New York to Blame","Thu, 10 Nov 2022 01:18:43 +0000"
Title 2,What Many Pennsylvanians Saw in Fetterman,"Wed, 09 Nov 2022 23:51:22 +0000"
Title 1,"If Democrats Lose the House, They May Have New York to Blame","Thu, 10 Nov 2022 01:18:43 +0000"
Title 2,What Many Pennsylvanians Saw in Fetterman,"Wed, 09 Nov 2022 23:51:22 +0000"
Title 1,How Democrats Used the Abortion Debate to Hold Off a Red Wave,"Thu, 10 Nov 2022 08:00:20 +0000"
Title 2,"After Governor’s Win, DeSantis Grabs National Spotlight","Thu, 10 Nov 2022 00:32:18 +0000"
Title 1,How Democrats Used the Abortion Debate to Hold Off a Red Wave,"Thu, 10 Nov 2022 16:03:21 +0000"
Title 2,"After Governor’s Win, DeSantis Grabs National Spotlight","Thu, 10 Nov 2022 00:32:18 +0000"
Title 1,An Inflation-Driven Midterm Will Not Change Biden’s Economic Focus,"Thu, 10 Nov 2022 16:15:32 +0000"
Title 2,"House Republicans won or lead in 221 races, enough for a bare majority, but control remains up for grabs.","Thu, 10 Nov 2022 17:38:26 +0000"
Title 1,Georgia Senate Runoff: How It Works and Why It Is Important,"Fri, 11 Nov 2022 00:43:23 +0000"
Title 2,Democratic Hopes Rise on Senate Control as Two States Count Votes,"Thu, 10 Nov 2022 23:23:17 +0000"
Title 1,"Tina Kotek, a Progressive, Oregon Governor’s Race","Fri, 11 Nov 2022 03:32:03 +0000"
Title 2,Democratic Hopes Rise on Senate Control as Two States Count Votes,"Fri, 11 Nov 2022 02:54:42 +0000"
Title 1,Democratic Hopes Rise on Senate Control as Two States Count Votes,"Fri, 11 Nov 2022 02:54:42 +0000"
Title 2,Georgia Gears Up for Runoff Election as Rest of U.S. Moves On,"Fri, 11 Nov 2022 05:03:52 +0000"
Title 1,Why Some States Went in Different Directions in Midterms,"Fri, 11 Nov 2022 08:04:35 +0000"
Title 2,Election Officials Say Efforts to Bolster the Voting System Worked,"Fri, 11 Nov 2022 10:00:25 +0000"
Title 1,"When It Comes to Bearing Bad Tidings, Putin Is Nowhere to Be Found","Fri, 11 Nov 2022 12:03:13 +0000"
Title 2,An explosion on a crucial Kherson bridge severed the city’s last major crossing.,"Fri, 11 Nov 2022 14:47:55 +0000"
Title 1,Jubilation greets Ukrainian soldiers sweeping into Kherson.,"Fri, 11 Nov 2022 18:49:05 +0000"
Title 2,"When It Comes to Bearing Bad Tidings, Putin Is Nowhere to Be Found","Fri, 11 Nov 2022 12:03:13 +0000"
Title 1,"Ukrainian Forces Enter Kherson, a Strategic Prize, in a Blow to Putin","Fri, 11 Nov 2022 23:40:01 +0000"
Title 2,Ukrainian Soldiers Entering Kherson Are Greeted With Joy,"Sat, 12 Nov 2022 00:02:29 +0000"
Title 1,"Mark Kelly Wins Arizona Senate Race, Putting Democrats a Seat From Control","Sat, 12 Nov 2022 03:45:25 +0000"
Title 2,Lombardo Ousts Sisolak in Nevada Governor’s Race,"Sat, 12 Nov 2022 02:11:48 +0000"
Title 1,"Mark Kelly Wins Arizona Senate Race, Putting Democrats a Seat From Control","Sat, 12 Nov 2022 04:25:06 +0000"
Title 2,Lombardo Ousts Sisolak in Nevada Governor’s Race,"Sat, 12 Nov 2022 02:11:48 +0000"
Title 1,"Mark Kelly Wins Arizona Senate Race, Putting Democrats a Seat From Control","Sat, 12 Nov 2022 04:25:06 +0000"
Title 2,Cortez Masto is within striking distance of Laxalt in Nevada.,"Sat, 12 Nov 2022 04:39:54 +0000"
Title 1,How the 2022 Midterms Became a Squeaker,"Sat, 12 Nov 2022 14:40:33 +0000"
Title 2,Mail Ballots Around Las Vegas Are Likely to Put Democrats Ahead,"Sat, 12 Nov 2022 15:30:07 +0000"
Title 1,How the 2022 Midterms Became a Squeaker,"Sat, 12 Nov 2022 14:40:33 +0000"
Title 2,"Ukraine Signals It Will Stay on the Offensive, Despite Talk of a Lull","Sat, 12 Nov 2022 12:25:44 +0000"
Title 1,How the 2022 Midterms Became a Squeaker,"Sat, 12 Nov 2022 14:40:33 +0000"
Title 2,Tracking the Mail Vote in the Uncalled House Districts,"Sat, 12 Nov 2022 17:34:34 +0000"
Title 1,How the 2022 Midterms Became a Squeaker,"Sun, 13 Nov 2022 02:48:17 +0000"
Title 2,Voters Reject Election Deniers Running to Take Over Elections,"Sun, 13 Nov 2022 03:26:08 +0000"
Title 1,How the 2022 Midterms Became a Squeaker,"Sun, 13 Nov 2022 02:48:18 +0000"
Title 2,Voters Reject Election Deniers Running to Take Over Elections,"Sun, 13 Nov 2022 03:26:08 +0000"
Title 1,Trump Angst Grips Republicans (Again) as 2024 Announcement Looms,"Sun, 13 Nov 2022 02:46:49 +0000"
Title 2,Voters Reject Election Deniers Running to Take Over Elections,"Sun, 13 Nov 2022 03:26:08 +0000"
Title 1,Trump Angst Grips Republicans (Again) as 2024 Announcement Looms,"Sun, 13 Nov 2022 14:36:59 +0000"
Title 2,Biden’s Post-Election Escape Turned Victory Lap,"Sun, 13 Nov 2022 15:50:02 +0000"
Title 1,Trump Angst Grips Republicans (Again) as 2024 Announcement Looms,"Sun, 13 Nov 2022 19:31:20 +0000"
Title 2,Biden’s Post-Election Escape Turned Victory Lap,"Sun, 13 Nov 2022 15:50:02 +0000"
Title 1,Democrats’ Senate Victory Hands Biden a Critical Guardrail Against the GOP,"Sun, 13 Nov 2022 22:40:17 +0000"
Title 2,Russia Tried to Absorb Ukraine’s Kherson City. It Didn’t Work.,"Sun, 13 Nov 2022 23:34:25 +0000"
Title 1,Democrats’ Senate Victory Hands Biden a Critical Guardrail Against the GOP,"Sun, 13 Nov 2022 22:40:17 +0000"
Title 2,Russia Tried to Absorb Ukraine’s Kherson City. It Didn’t Work.,"Sun, 13 Nov 2022 23:34:25 +0000"
Title 1,Democrats’ Senate Victory Hands Biden a Critical Guardrail Against the GOP,"Sun, 13 Nov 2022 22:40:17 +0000"
Title 2,Russia Tried to Absorb Ukraine’s Kherson City. It Didn’t Work.,"Sun, 13 Nov 2022 23:34:25 +0000"
Title 1,"Surrounded by Threats, Japan Rethinks Decades of Military Dependency","Mon, 14 Nov 2022 06:26:42 +0000"
Title 2,An Emboldened Biden Weighs Whether to Run for President Again in 2024,"Mon, 14 Nov 2022 03:19:32 +0000"
Title 1,U.S. and China Restart Climate Talks,"Mon, 14 Nov 2022 15:17:29 +0000"
Title 2,"Taiwan is a ‘red line’ not to be crossed, China says.","Mon, 14 Nov 2022 15:32:42 +0000"
Title 1,Iran Unleashes Its Wrath on Its Children for Joining Protests,"Mon, 14 Nov 2022 18:48:11 +0000"
Title 2,Iran Attacks Opposition Bases in Iraq’s Kurdistan Region,"Mon, 14 Nov 2022 19:06:18 +0000"
Title 1,McCarthy Seeks Support to Become Speaker as Republicans Feud Over Midterms,"Mon, 14 Nov 2022 23:43:38 +0000"
Title 2,Iran Unleashes Its Wrath on Its Children for Joining Protests,"Tue, 15 Nov 2022 01:13:35 +0000"
Title 1,McCarthy Seeks Support to Become Speaker as Republicans Feud Over Midterms,"Tue, 15 Nov 2022 02:42:06 +0000"
Title 2,"Accounts of Torture Emerge From Kherson, Ukraine’s ‘City of Fear’","Tue, 15 Nov 2022 04:06:25 +0000"
Title 1,Katie Hobbs Tops Kari Lake for Arizona Governor,"Tue, 15 Nov 2022 04:40:42 +0000"
Title 2,"Accounts of Torture Emerge From Kherson, Ukraine’s ‘City of Fear’","Tue, 15 Nov 2022 04:06:25 +0000"
Title 1,Katie Hobbs Tops Kari Lake for Arizona Governor,"Tue, 15 Nov 2022 04:40:42 +0000"
Title 2,"For Western Weapons, the Ukraine War Is a Beta Test","Tue, 15 Nov 2022 11:10:33 +0000"
Title 1,"DeSantis, Without Naming Trump, Slams ‘Underwhelming’ Midterms for GOP","Tue, 15 Nov 2022 19:25:28 +0000"
Title 2,Will Pelosi Stay or Will She Go? Perhaps a Little Bit of Both.,"Tue, 15 Nov 2022 18:55:57 +0000"
Title 1,"DeSantis, Without Naming Trump, Slams ‘Underwhelming’ Midterms for GOP","Tue, 15 Nov 2022 19:25:28 +0000"
Title 2,Pence on a Trump 2024 Run: ‘I Think We’ll Have Better Choices’,"Wed, 16 Nov 2022 00:41:30 +0000"
Title 1,Top Republicans Face Dissent as McCarthy Wins GOP Nod for Speaker,"Wed, 16 Nov 2022 02:25:40 +0000"
Title 2,Ex-CFO at Trump Organization Testifies Against Firm He Helped Build,"Wed, 16 Nov 2022 03:03:55 +0000"
Title 1,Top Republicans Face Dissent as McCarthy Wins GOP Nod for Speaker,"Wed, 16 Nov 2022 04:45:53 +0000"
Title 2,How a US Teacher Evaded Russian Troops in Kherson for 8 Months,"Wed, 16 Nov 2022 05:01:10 +0000"
Title 1,Trump Is Running in 2024. The White House Has a Plan.,"Wed, 16 Nov 2022 10:00:19 +0000"
Title 2,Trump’s Don’t-Blame-Me Calculus,"Wed, 16 Nov 2022 11:24:34 +0000"
Title 1,"Amid Crises, Biden Offers the World a Choice: My Way, or Trump’s","Wed, 16 Nov 2022 09:48:54 +0000"
Title 2,How a US Teacher Evaded Russian Troops in Kherson for 8 Months,"Wed, 16 Nov 2022 14:56:02 +0000"
Title 1,Same-Sex Marriage Bill Faces Crucial Test Vote in the Senate,"Wed, 16 Nov 2022 18:54:22 +0000"
Title 2,"The Republican reaction to Trump: A few endorsements, and a lot of crickets.","Wed, 16 Nov 2022 19:24:13 +0000"
Title 1,Republicans Barely Won the House. Now Can They Run It?,"Wed, 16 Nov 2022 23:46:00 +0000"
Title 2,Same-Sex Marriage Rights Bill Passes Crucial Senate Test,"Thu, 17 Nov 2022 00:02:16 +0000"
Title 1,Republicans Barely Won the House. Now Can They Run It?,"Wed, 16 Nov 2022 23:46:01 +0000"
Title 2,Mitch McConnell Beats Rick Scott in Republican Senate Leadership Fight,"Thu, 17 Nov 2022 00:40:52 +0000"
Title 1,Republicans Barely Won the House. Now Can They Run It?,"Wed, 16 Nov 2022 23:46:01 +0000"
Title 2,Mitch McConnell Beats Rick Scott in Republican Senate Leadership Fight,"Thu, 17 Nov 2022 00:40:52 +0000"
Title 1,Republicans Barely Won the House. Now Can They Run It?,"Wed, 16 Nov 2022 23:46:01 +0000"
Title 2,"Put Off by Trump, Key Republican Allies Are Inching Away","Thu, 17 Nov 2022 00:30:26 +0000"
Title 1,Nonprofits With Ties to Democrats Plan Counteroffensive Against Congressional Investigations,"Thu, 17 Nov 2022 13:53:32 +0000"
Title 2,"For Ukraine, Keeping the Lights On Has Become One of the Biggest Battles","Thu, 17 Nov 2022 12:56:10 +0000"
Title 1,Look through images of Nancy Pelosi’s tenure as speaker of the House.,"Thu, 17 Nov 2022 19:10:52 +0000"
Title 2,Nonprofits With Ties to Democrats Plan Counteroffensive Against Congressional Investigations,"Thu, 17 Nov 2022 13:53:32 +0000"
Title 1,Nancy Pelosi’s Most Enduring Photo Moments,"Thu, 17 Nov 2022 23:35:13 +0000"
Title 2,Hakeem Jeffries Is Poised to Succeed Nancy Pelosi,"Thu, 17 Nov 2022 20:53:07 +0000"
Title 1,Resignations Roil Twitter as Elon Musk Tries Persuading Some Workers to Stay,"Fri, 18 Nov 2022 03:39:34 +0000"
Title 2,Nancy Pelosi to Step Down From House Democratic Leadership,"Fri, 18 Nov 2022 00:45:37 +0000"
Title 1,Resignations Roil Twitter as Elon Musk Tries Persuading Some Workers to Stay,"Fri, 18 Nov 2022 03:39:34 +0000"
Title 2,Nancy Pelosi to Step Down From House Democratic Leadership,"Fri, 18 Nov 2022 00:45:37 +0000"
Title 1,The End of Covid Vaccines at ‘Warp Speed’,"Fri, 18 Nov 2022 10:00:35 +0000"
Title 2,Will Covid Boosters Prevent Another Wave? Scientists Aren’t So Sure.,"Fri, 18 Nov 2022 10:00:42 +0000"
Title 1,The End of Covid Vaccines at ‘Warp Speed’,"Fri, 18 Nov 2022 14:02:03 +0000"
Title 2,Will Covid Boosters Prevent Another Wave? Scientists Aren’t So Sure.,"Fri, 18 Nov 2022 13:02:12 +0000"
Title 1,"Who Is Jack Smith, the Newly Appointed Special Counsel in the Trump Investigations?","Fri, 18 Nov 2022 20:10:54 +0000"
Title 2,Trump Company Lawyers Try to Pin Blame on Weisselberg,"Fri, 18 Nov 2022 19:20:35 +0000"
Title 1,"Who Is Jack Smith, the Newly Appointed Special Counsel in the Trump Investigations?","Fri, 18 Nov 2022 20:34:20 +0000"
Title 2,What Is a Special Counsel and What Does One Do?,"Fri, 18 Nov 2022 22:56:34 +0000"
Title 1,Garland Names Special Counsel for Trump Investigations,"Sat, 19 Nov 2022 02:28:00 +0000"
Title 2,"Who Is Jack Smith, the Newly Appointed Special Counsel in the Trump Investigations?","Fri, 18 Nov 2022 20:34:20 +0000"
Title 1,Garland Names Special Counsel for Trump Investigations,"Sat, 19 Nov 2022 02:28:00 +0000"
Title 2,"Who Is Jack Smith, the Newly Appointed Special Counsel in the Trump Investigations?","Fri, 18 Nov 2022 20:34:20 +0000"
Title 1,Qatar 2022: The World Cup That Changed Everything,"Sat, 19 Nov 2022 10:00:25 +0000"
Title 2,Former Anti-Abortion Leader Alleges Another Supreme Court Breach,"Sat, 19 Nov 2022 08:00:16 +0000"
Title 1,Qatar 2022: The World Cup That Changed Everything,"Sat, 19 Nov 2022 14:21:05 +0000"
Title 2,World Cup: FIFA President Gianni Infantino Defends Qatar,"Sat, 19 Nov 2022 14:03:29 +0000"
Title 1,Qatar 2022: The World Cup That Changed Everything,"Sat, 19 Nov 2022 14:21:05 +0000"
Title 2,"On Eve of World Cup, FIFA President Gianni Infantino Defends Qatar","Sat, 19 Nov 2022 18:14:40 +0000"
Title 1,Kari Lake Claims Her Voters Were Disenfranchised. Her Voters Tell a Different Story.,"Sat, 19 Nov 2022 23:51:42 +0000"
Title 2,"Georgia Senate Rivals, With Little Time to Spare, Sprint Toward Runoff","Sat, 19 Nov 2022 10:00:17 +0000"
Title 1,"In a First, Rich Countries Agree to Pay for Climate Damages in Poor Nations","Sun, 20 Nov 2022 04:01:16 +0000"
Title 2,Elon Musk Reinstates Trump’s Twitter Account,"Sun, 20 Nov 2022 04:07:23 +0000"
Title 1,"In a First, Rich Countries Agree to Pay for Climate Damages in Poor Nations","Sun, 20 Nov 2022 04:24:42 +0000"
Title 2,Elon Musk Reinstates Trump’s Twitter Account,"Sun, 20 Nov 2022 04:07:23 +0000"
Title 1,How a Lobbying Blitz Made Sports Betting Ubiquitous,"Sun, 20 Nov 2022 08:00:38 +0000"
Title 2,U.N. Climate Talks End With a Deal to Pay Poor Nations for Damage,"Sun, 20 Nov 2022 08:33:44 +0000"
Title 1,How a Lobbying Blitz Made Sports Betting Ubiquitous,"Sun, 20 Nov 2022 08:00:38 +0000"
Title 2,Mass Shootings in 2022: A Partial List,"Sun, 20 Nov 2022 12:48:49 +0000"
Title 1,"‘I lost friends,’ says a patron who fled the Club Q shooting.","Sun, 20 Nov 2022 18:28:49 +0000"
Title 2,Mass Shootings in 2022: A Partial List,"Sun, 20 Nov 2022 12:48:49 +0000"
Title 1,Colorado Springs Shooting Suspect May Have Been Known to Authorities,"Sun, 20 Nov 2022 21:20:54 +0000"
Title 2,Videos Suggest Captive Russian Soldiers Were Killed at Close Range,"Sun, 20 Nov 2022 20:49:07 +0000"
Title 1,Colorado Springs Shooting Suspect May Have Been Known to Authorities,"Sun, 20 Nov 2022 21:20:54 +0000"
Title 2,Videos Suggest Captive Russian Soldiers Were Killed at Close Range,"Sun, 20 Nov 2022 20:49:07 +0000"
Title 1,At Least 5 Dead and 25 Injured in Gunman’s Rampage at an L.G.B.T.Q. Club in Colorado,"Mon, 21 Nov 2022 06:21:09 +0000"
Title 2,Colorado Springs Shooting Suspect May Have Been Known to Authorities,"Sun, 20 Nov 2022 21:20:54 +0000"
Title 1,Why an Aging Casino Company Embraced Barstool’s David Portnoy,"Sun, 20 Nov 2022 08:00:30 +0000"
Title 2,Videos Suggest Captive Russian Soldiers Were Killed at Close Range,"Sun, 20 Nov 2022 20:49:07 +0000"
Title 1,"For a victim’s friend, the loss will be visible at the Thanksgiving table.","Mon, 21 Nov 2022 03:23:51 +0000"
Title 2,Why an Aging Casino Company Embraced Barstool’s David Portnoy,"Sun, 20 Nov 2022 08:00:30 +0000"
Title 1,What We Know About the Colorado Springs Shooting Victims,"Mon, 21 Nov 2022 19:29:38 +0000"
Title 2,Why an Aging Casino Company Embraced Barstool’s David Portnoy,"Sun, 20 Nov 2022 08:00:30 +0000"
Title 1,An Army Veteran Says He Went Into ‘Combat Mode’ to Disarm Club Q Gunman,"Tue, 22 Nov 2022 01:09:52 +0000"
Title 2,What We Know About the Colorado Springs Shooting Victims,"Mon, 21 Nov 2022 19:29:38 +0000"
Title 1,‘He Saved a Lot of Lives’: Combat Veteran Tackled Colorado Gunman,"Tue, 22 Nov 2022 01:46:23 +0000"
Title 2,Colorado Springs Mourns the Loss of Five Lives and a Haven,"Tue, 22 Nov 2022 04:07:33 +0000"
Title 1,"For Ukraine, So Much Unexpected Success, and Yet So Far to Go","Tue, 22 Nov 2022 05:04:10 +0000"
Title 2,‘He Saved a Lot of Lives’: Combat Veteran Tackled Colorado Gunman,"Tue, 22 Nov 2022 01:46:23 +0000"
Title 1,"Ukraine Defies Odds in War With Russia, But Still Has Far to Go","Tue, 22 Nov 2022 05:04:10 +0000"
Title 2,"Ukraine War Continues to Slow Global Growth, New Report Says","Tue, 22 Nov 2022 11:10:27 +0000"
Title 1,"Ukraine Defies Odds in War With Russia, But Still Has Far to Go","Tue, 22 Nov 2022 05:04:10 +0000"
Title 2,EU Nears Cap on the Price of Russian Oil,"Tue, 22 Nov 2022 14:53:44 +0000"
Title 1,Supreme Court Allows House Democrats to Obtain Trump’s Tax Returns,"Tue, 22 Nov 2022 19:56:19 +0000"
Title 2,U.S. Officials Offer Hopeful Tone on Covid as Winter Nears,"Tue, 22 Nov 2022 19:47:21 +0000"
Title 1,Supreme Court Allows House Democrats to Obtain Trump’s Tax Returns,"Wed, 23 Nov 2022 00:59:42 +0000"
Title 2,"A Year After the Omicron Surge, Officials See a Reduced Covid Threat This Winter","Wed, 23 Nov 2022 00:53:41 +0000"
Title 1,Fauci Sees a Reduced Covid Threat This Winter,"Wed, 23 Nov 2022 03:24:41 +0000"
Title 2,How Covid Myths Spread on Far-Right Social Media Platforms,"Tue, 22 Nov 2022 22:40:38 +0000"
Title 1,Fauci Sees a Reduced Covid Threat This Winter,"Wed, 23 Nov 2022 03:24:41 +0000"
Title 2,How Covid Myths Spread on Far-Right Social Media Platforms,"Tue, 22 Nov 2022 22:40:38 +0000"
Title 1,Mass Shootings in 2022: A Partial List,"Wed, 23 Nov 2022 10:48:46 +0000"
Title 2,Missiles for Poland May Disrupt NATO’s Stance on Ukraine War,"Wed, 23 Nov 2022 05:11:25 +0000"
Title 1,Club Q Shooting Makes Colorado Springs Ponder Its Past and Present,"Wed, 23 Nov 2022 02:44:45 +0000"
Title 2,Mass Shootings in 2022: A Partial List,"Wed, 23 Nov 2022 10:48:46 +0000"
Title 1,Walmart Employee on the Shooting: ‘I Just Watched 3 of My Friends Killed’,"Wed, 23 Nov 2022 17:39:11 +0000"
Title 2,Colorado Shooting Suspect Held Without Bond as New Details Emerge,"Wed, 23 Nov 2022 20:07:37 +0000"
Title 1,Justice Dept. Seeking to Question Pence in Jan. 6 Investigation,"Wed, 23 Nov 2022 22:00:10 +0000"
Title 2,Virginia Walmart Shooting Adds to Nation’s Grim Gun Toll,"Thu, 24 Nov 2022 01:11:17 +0000"
Title 1,Justice Dept. Seeking to Question Pence in Jan. 6 Investigation,"Wed, 23 Nov 2022 22:00:10 +0000"
Title 2,Virginia Walmart Shooting Adds to Nation’s Grim Gun Toll,"Thu, 24 Nov 2022 01:11:17 +0000"
Title 1,Justice Dept. Seeking to Question Pence in Jan. 6 Investigation,"Wed, 23 Nov 2022 22:00:10 +0000"
Title 2,Virginia Walmart Shooting Adds to Nation’s Grim Gun Toll,"Thu, 24 Nov 2022 08:06:49 +0000"
Title 1,"After 3 Mass Shootings, a Thanksgiving With 14 Empty Chairs","Thu, 24 Nov 2022 10:00:34 +0000"
Title 2,Why Does the U.S. Have So Many Mass Shootings? Research Is Clear: Guns.,"Fri, 16 Apr 2021 14:49:45 +0000"
Title 1,"After 3 Mass Shootings, a Thanksgiving With 14 Empty Chairs","Thu, 24 Nov 2022 16:07:15 +0000"
Title 2,Why Does the U.S. Have So Many Mass Shootings? Research Is Clear: Guns.,"Fri, 16 Apr 2021 14:49:45 +0000"
Title 1,"After 3 Mass Shootings, a Thanksgiving With 14 Empty Chairs","Thu, 24 Nov 2022 16:07:15 +0000"
Title 2,Why Does the U.S. Have So Many Mass Shootings? Research Is Clear: Guns.,"Fri, 16 Apr 2021 14:49:45 +0000"
Title 1,"Under Missile Strikes, Ukrainians Haul Water, While Surgeons Work in the Dark","Fri, 25 Nov 2022 00:48:06 +0000"
Title 2,"Parent Company of Yandex, Known as ‘Russia’s Google,’ Wants to Cut Ties With Country","Thu, 24 Nov 2022 20:31:05 +0000"
Title 1,"Under Missile Strikes, Ukrainians Haul Water, While Surgeons Work in the Dark","Fri, 25 Nov 2022 02:20:38 +0000"
Title 2,"Parent Company of Yandex, Known as ‘Russia’s Google,’ Wants to Cut Ties With Country","Thu, 24 Nov 2022 20:31:06 +0000"
Title 1,"Under Missile Strikes, Ukrainians Haul Water, While Surgeons Work in the Dark","Fri, 25 Nov 2022 02:20:38 +0000"
Title 2,Victims in Walmart Shooting Had Bonded on Overnight Shift,"Fri, 25 Nov 2022 01:20:20 +0000"
Title 1,A Holiday Season Divided by Inflation and Economic Struggles,"Fri, 25 Nov 2022 08:00:16 +0000"
Title 2,Billions of Dollars Are at Stake in a Puzzling Holiday Shopping Season,"Thu, 24 Nov 2022 16:21:51 +0000"
Title 1,Walmart Gunman Bought a Pistol to Kill Co-Workers and Left a ‘Death Note’,"Fri, 25 Nov 2022 16:08:51 +0000"
Title 2,Victims in Walmart Shooting Had Bonded on Overnight Shift,"Fri, 25 Nov 2022 01:20:20 +0000"
Title 1,Walmart Gunman Bought Pistol Hours Before Killing and Left a ‘Death Note’,"Fri, 25 Nov 2022 18:05:16 +0000"
Title 2,Brenden Aaronson Won Over Leeds. Can He Win at the World Cup?,"Fri, 25 Nov 2022 17:43:57 +0000"
Title 1,Meet the House Republicans Who Will Wield Power in the New Congress,"Fri, 25 Nov 2022 22:46:04 +0000"
Title 2,"In Georgia Runoff, a Campaign Cliché Rules: It All Comes Down to Turnout","Fri, 25 Nov 2022 15:23:44 +0000"
Title 1,Meet the House Republicans Who Will Wield Power in the New Congress,"Sat, 26 Nov 2022 03:39:45 +0000"
Title 2,"Trump’s Latest Dinner Guest: Nick Fuentes, White Supremacist","Fri, 25 Nov 2022 23:49:49 +0000"
Title 1,Meet the House Republicans Who Will Wield Power in the New Congress,"Sat, 26 Nov 2022 05:05:47 +0000"
Title 2,"Trump’s Latest Dinner Guest: Nick Fuentes, White Supremacist","Fri, 25 Nov 2022 23:49:49 +0000"
Title 1,"At Protests, Guns Are Doing the Talking","Sat, 26 Nov 2022 08:00:17 +0000"
Title 2,Artillery Is Breaking in Ukraine. It’s Becoming a Problem for the Pentagon.,"Fri, 25 Nov 2022 21:12:57 +0000"
Title 1,"At Protests Across America, Guns Are Doing the Talking","Sat, 26 Nov 2022 14:59:13 +0000"
Title 2,Artillery Is Breaking in Ukraine. It’s Becoming a Problem for the Pentagon.,"Fri, 25 Nov 2022 21:12:57 +0000"
Title 1,U.S. and NATO Scramble to Arm Ukraine and Refill Their Own Arsenals,"Sat, 26 Nov 2022 09:29:14 +0000"
Title 2,Ukrainian Flags Are on Display All Over Maine. Why?,"Sat, 26 Nov 2022 16:27:08 +0000"
Title 1,U.S. and NATO Scramble to Arm Ukraine and Refill Their Own Arsenals,"Sat, 26 Nov 2022 09:29:15 +0000"
Title 2,Ukrainian Flags Are on Display All Over Maine. Why?,"Sun, 27 Nov 2022 00:05:14 +0000"
Title 1,U.S. and NATO Scramble to Arm Ukraine and Refill Their Own Arsenals,"Sun, 27 Nov 2022 01:56:56 +0000"
Title 2,Ukrainian Flags Are on Display All Over Maine. Why?,"Sun, 27 Nov 2022 00:05:14 +0000"
Title 1,U.S. and NATO Scramble to Arm Ukraine and Refill Their Own Arsenals,"Sun, 27 Nov 2022 01:56:57 +0000"
Title 2,Ukrainian Flags Are on Display All Over Maine. Why?,"Sun, 27 Nov 2022 00:05:14 +0000"
Title 1,"As Gen X and Boomers Age, They Confront Living Alone","Sun, 27 Nov 2022 09:53:48 +0000"
Title 2,​How Britain Turned ‘Modern Slavery’ Law Against Low-Level Drug Dealers,"Sun, 27 Nov 2022 10:03:06 +0000"
Title 1,"As Gen X and Boomers Age, They Confront Living Alone","Sun, 27 Nov 2022 09:53:48 +0000"
Title 2,​How Britain Turned ‘Modern Slavery’ Law Against Low-Level Drug Dealers,"Sun, 27 Nov 2022 10:03:06 +0000"
Title 1,Deadly Fire in China Fuels Protests Over Xi’s Covid Policies,"Sun, 27 Nov 2022 17:10:25 +0000"
Title 2,"As Gen X and Boomers Age, They Confront Living Alone","Sun, 27 Nov 2022 09:53:48 +0000"
Title 1,Why Retailers Are Trying Extra Hard to Woo Holiday Shoppers,"Sun, 27 Nov 2022 22:13:39 +0000"
Title 2,Deadly Fire in China Fuels Protests Over Xi’s Covid Policies,"Sun, 27 Nov 2022 23:27:17 +0000"
Title 1,Why Retailers Are Trying Extra Hard to Woo Holiday Shoppers,"Sun, 27 Nov 2022 22:13:39 +0000"
Title 2,Deadly Fire in China Fuels Protests Over Xi’s Covid Policies,"Mon, 28 Nov 2022 01:16:17 +0000"
Title 1,Why Retailers Are Trying Extra Hard to Woo Holiday Shoppers,"Sun, 27 Nov 2022 22:13:39 +0000"
Title 2,Deadly Fire in China Fuels Protests Over Xi’s Covid Policies,"Mon, 28 Nov 2022 01:16:18 +0000"
Title 1,"The Covid Protests in China, Explained","Mon, 28 Nov 2022 11:51:27 +0000"
Title 2,Why Protesters in China Are Using Blank Sheets of White Paper,"Mon, 28 Nov 2022 12:00:56 +0000"
Title 1,"The Covid Protests in China, Explained","Mon, 28 Nov 2022 14:34:45 +0000"
Title 2,Why Protesters in China Are Using Blank Sheets of White Paper,"Mon, 28 Nov 2022 16:09:22 +0000"
Title 1,"At a China Covid Protest, a Mix of Giddy Elation and Anxiety","Mon, 28 Nov 2022 18:49:45 +0000"
Title 2,"The Covid Protests in China, Explained","Mon, 28 Nov 2022 18:33:15 +0000"
Title 1,"Antiwar Activists Who Flee Russia Find Detention, Not Freedom, in the US","Mon, 28 Nov 2022 21:43:17 +0000"
Title 2,"Ukraine Warns of More Strikes on Power Plants, as Russians Dig In","Tue, 29 Nov 2022 00:24:29 +0000"
Title 1,"Antiwar Activists Who Flee Russia Find Detention, Not Freedom, in the US","Tue, 29 Nov 2022 04:00:07 +0000"
Title 2,"Ukraine Warns of More Strikes on Power Plants, as Russians Dig In","Tue, 29 Nov 2022 00:24:29 +0000"
Title 1,Chinese Unrest Over Lockdown Upends Global Economic Outlook,"Mon, 28 Nov 2022 22:45:12 +0000"
Title 2,White House Weighs How Forcefully to Support Protesters in China,"Tue, 29 Nov 2022 01:35:08 +0000"
Title 1,China Protests Over ‘Zero Covid’ Follow Months of Economic Pain,"Tue, 29 Nov 2022 11:30:40 +0000"
Title 2,"Proud, Scared and Conflicted. What the China Protesters Told Me.","Tue, 29 Nov 2022 10:00:21 +0000"
Title 1,Biden Says Congressional Leaders Must Act to Prevent Rail Strike,"Tue, 29 Nov 2022 16:10:27 +0000"
Title 2,China Protests Over ‘Zero Covid’ Follow Months of Economic Pain,"Tue, 29 Nov 2022 14:01:34 +0000"
Title 1,Leaders in Congress Say They Will Act to Prevent Rail Strike,"Tue, 29 Nov 2022 18:48:36 +0000"
Title 2,What We Know About the Railroad Labor Talks to Prevent a Strike,"Tue, 29 Nov 2022 18:13:40 +0000"
Title 1,Oath Keepers Leader Found Guilty of Seditious Conspiracy in Jan. 6 Case,"Wed, 30 Nov 2022 00:51:27 +0000"
Title 2,Same-Sex Marriage Bill Passes Senate After Bipartisan Breakthrough,"Wed, 30 Nov 2022 00:58:29 +0000"
Title 1,Oath Keepers Leader Found Guilty of Seditious Conspiracy in Jan. 6 Case,"Wed, 30 Nov 2022 02:38:53 +0000"
Title 2,Same-Sex Marriage Bill Passes Senate After Bipartisan Breakthrough,"Wed, 30 Nov 2022 03:05:05 +0000"
Title 1,Oath Keepers Leader Found Guilty of Seditious Conspiracy in Jan. 6 Case,"Wed, 30 Nov 2022 02:38:53 +0000"
Title 2,Same-Sex Marriage Bill Passes Senate After Bipartisan Breakthrough,"Wed, 30 Nov 2022 03:05:05 +0000"
Title 1,Protests Stretch China’s Censorship to Its Limits,"Wed, 30 Nov 2022 12:11:24 +0000"
Title 2,The Long Odds Facing China’s Protesters,"Wed, 30 Nov 2022 10:22:30 +0000"
Title 1,Xi Jinping Faces Another Dilemma: How to Mourn Jiang Zemin,"Wed, 30 Nov 2022 16:09:56 +0000"
Title 2,"Jiang Zemin, China’s Leader After Tiananmen Square Protests, Dies at 96","Wed, 30 Nov 2022 16:09:54 +0000"
Title 1,"House Passes Bill to Avert a Rail Strike, Moving to Impose a Labor Agreement","Wed, 30 Nov 2022 19:10:10 +0000"
Title 2,"Some Rail Workers, Seeking Sick Days, Say Biden Betrayed Them","Wed, 30 Nov 2022 19:42:18 +0000"
Title 1,"House Passes Bill to Avert a Rail Strike, Moving to Impose a Labor Agreement","Thu, 01 Dec 2022 00:10:12 +0000"
Title 2,Sam Bankman-Fried Blames ‘Huge Management Failures’ for FTX Collapse,"Thu, 01 Dec 2022 00:29:40 +0000"
Title 1,New Yorkers Debate Mayor’s Approach to Mentally Ill,"Thu, 01 Dec 2022 00:06:48 +0000"
Title 2,Sam Bankman-Fried Blames ‘Huge Management Failures’ for FTX Collapse,"Thu, 01 Dec 2022 01:16:44 +0000"
Title 1,New Yorkers Debate Mayor’s Approach to Mentally Ill,"Thu, 01 Dec 2022 00:06:48 +0000"
Title 2,Sam Bankman-Fried Blames ‘Huge Management Failures’ for FTX Collapse,"Thu, 01 Dec 2022 01:16:44 +0000"
Title 1,Biden’s Meeting With Macron Comes Amid Rising Trans-Atlantic Tensions,"Thu, 01 Dec 2022 10:00:27 +0000"
Title 2,Biden Welcomes Macron for a State Dinner. Here’s What to Expect.,"Thu, 01 Dec 2022 10:00:15 +0000"
Title 1,Biden Welcomes Macron for a State Dinner. Here’s What to Expect.,"Thu, 01 Dec 2022 16:02:12 +0000"
Title 2,"Paul Whelan, an American Imprisoned in Russia, Is Hospitalized","Thu, 01 Dec 2022 08:47:24 +0000"
Title 1,Biden Welcomes Macron for a State Dinner. Here’s What to Expect.,"Thu, 01 Dec 2022 16:02:12 +0000"
Title 2,Senate Poised to Pass Bill to Avert Rail Strike,"Thu, 01 Dec 2022 19:46:38 +0000"
Title 1,"With Senate Vote, Congress Moves to Avert Rail Strike","Thu, 01 Dec 2022 22:53:15 +0000"
Title 2,Congress Is Trying to Avert a Rail Strike. Here’s How and Why,"Thu, 01 Dec 2022 22:09:01 +0000"
Title 1,Appeals Court Scraps Special Master Review in Trump Documents Case,"Fri, 02 Dec 2022 03:37:58 +0000"
Title 2,Trump Embraces Extremism as He Seeks to Reclaim Presidency,"Fri, 02 Dec 2022 03:38:03 +0000"
Title 1,"As Officials Ease Restrictions, China Faces New Pandemic Risks","Fri, 02 Dec 2022 08:06:56 +0000"
Title 2,Appeals Court Scraps Special Master Review in Trump Documents Case,"Fri, 02 Dec 2022 03:37:58 +0000"
Title 1,"For Young Job Seekers, Stability Is a Top Priority","Fri, 02 Dec 2022 10:00:29 +0000"
Title 2,Why Are Middle-Aged Men Missing From the Labor Market?,"Fri, 02 Dec 2022 10:00:23 +0000"
Title 1,"For Young Job Seekers, Stability Is a Top Priority","Fri, 02 Dec 2022 14:28:58 +0000"
Title 2,Why Are Middle-Aged Men Missing From the Labor Market?,"Fri, 02 Dec 2022 15:44:31 +0000"
Title 1,How a German State Helped Russia Complete Nord Stream 2,"Fri, 02 Dec 2022 10:00:43 +0000"
Title 2,Why Are Middle-Aged Men Missing From the Labor Market?,"Fri, 02 Dec 2022 15:44:31 +0000"
Title 1,DNC Panel Supports Biden’s Plan to Make South Carolina First Primary in 2024,"Sat, 03 Dec 2022 00:49:32 +0000"
Title 2,Iowa Democrats Question Their Identity Without First-in-the-Nation Caucuses,"Fri, 02 Dec 2022 22:35:26 +0000"
Title 1,DNC Panel Supports Biden’s Plan to Make South Carolina First Primary in 2024,"Sat, 03 Dec 2022 01:11:22 +0000"
Title 2,Fight Over Warnock’s Senate Record Comes Down to Electric Vehicles,"Fri, 02 Dec 2022 22:44:38 +0000"
Title 1,DNC Panel Supports Biden’s Plan to Make South Carolina First Primary in 2024,"Sat, 03 Dec 2022 05:33:15 +0000"
Title 2,Fight Over Warnock’s Senate Record Comes Down to Electric Vehicles,"Fri, 02 Dec 2022 22:44:39 +0000"
